datetime,market,open,high,low,close,vol
2023-03-02 21:45:00,BTC/USD,23339.4,23355.0,23325.0,23351.6,2.34524198
2023-03-02 22:00:00,BTC/USD,23351.6,23369.7,23251.0,23265.4,32.50786299
2023-03-02 22:15:00,BTC/USD,23270.2,23400.0,23266.5,23369.4,21.58359995
2023-03-02 22:30:00,BTC/USD,23369.2,23400.0,23321.4,23380.3,22.02182454
2023-03-02 22:45:00,BTC/USD,23380.3,23380.3,23285.2,23304.2,34.56524786
2023-03-02 23:00:00,BTC/USD,23309.6,23346.4,23202.0,23256.4,83.72150992
2023-03-02 23:15:00,BTC/USD,23257.5,23303.3,23221.1,23301.1,21.4918774
2023-03-02 23:30:00,BTC/USD,23301.0,23332.5,23268.4,23278.9,7.43309218
2023-03-02 23:45:00,BTC/USD,23278.9,23334.4,23248.5,23312.0,58.81263855
2023-03-03 00:00:00,BTC/USD,23312.1,23369.0,23304.1,23345.9,8.50749751
2023-03-03 00:15:00,BTC/USD,23345.9,23365.7,23281.0,23340.3,12.33850051
2023-03-03 00:30:00,BTC/USD,23339.6,23380.3,23325.5,23331.6,24.76997971
2023-03-03 00:45:00,BTC/USD,23331.2,23373.3,23321.0,23371.8,19.43875908
2023-03-03 01:00:00,BTC/USD,23371.8,23375.0,23350.0,23355.8,21.97686511
2023-03-03 01:15:00,BTC/USD,23355.8,23390.1,23330.1,23330.2,65.99065851
2023-03-03 01:30:00,BTC/USD,23330.2,23338.8,23261.5,23293.5,15.61814102
2023-03-03 01:45:00,BTC/USD,23300.0,23312.2,23264.0,23279.3,19.31829046
2023-03-03 02:00:00,BTC/USD,23279.3,23280.0,23263.0,23263.4,26.56416515
2023-03-03 02:15:00,BTC/USD,23263.5,23290.1,23234.5,23290.1,225.50215219
2023-03-03 02:30:00,BTC/USD,23290.0,23304.1,23250.0,23253.5,44.17795424
2023-03-03 02:45:00,BTC/USD,23253.5,23282.6,23240.0,23269.5,34.50363145
2023-03-03 03:00:00,BTC/USD,23269.4,23295.4,23256.8,23295.3,8.47341405
2023-03-03 03:15:00,BTC/USD,23295.4,23312.5,23279.2,23284.9,11.48228818
2023-03-03 03:30:00,BTC/USD,23284.9,23436.4,23279.9,23386.1,57.9665882
2023-03-03 03:45:00,BTC/USD,23386.1,23452.7,23362.7,23452.6,26.12431627
2023-03-03 04:00:00,BTC/USD,23452.6,23495.2,23407.5,23420.0,73.01088845
2023-03-03 04:15:00,BTC/USD,23420.0,23486.9,23404.4,23471.3,32.75535805
2023-03-03 04:30:00,BTC/USD,23471.3,23499.8,23435.9,23475.5,52.74157172
2023-03-03 04:45:00,BTC/USD,23475.4,23479.1,23451.0,23471.6,22.82936199
2023-03-03 05:00:00,BTC/USD,23470.8,23490.4,23435.9,23476.4,13.48311712
2023-03-03 05:15:00,BTC/USD,23474.1,23495.8,23459.1,23477.6,9.29422735
2023-03-03 05:30:00,BTC/USD,23480.1,23539.0,23465.0,23514.0,30.71760918
2023-03-03 05:45:00,BTC/USD,23514.1,23559.6,23437.6,23466.3,31.51949773
2023-03-03 06:00:00,BTC/USD,23465.6,23469.5,23439.5,23463.1,21.09306202
2023-03-03 06:15:00,BTC/USD,23463.4,23473.0,23439.6,23455.6,23.32382064
2023-03-03 06:30:00,BTC/USD,23454.9,23454.9,23403.3,23423.3,5.17109245
2023-03-03 06:45:00,BTC/USD,23422.1,23447.1,23418.6,23420.7,7.92106094
2023-03-03 07:00:00,BTC/USD,23420.8,23455.5,23412.1,23455.5,29.32221401
2023-03-03 07:15:00,BTC/USD,23455.5,23535.0,23455.5,23530.4,5.28562886
2023-03-03 07:30:00,BTC/USD,23532.6,23549.9,23495.5,23502.0,70.76335442
2023-03-03 07:45:00,BTC/USD,23510.5,23512.3,23461.4,23465.3,2.18170791
2023-03-03 08:00:00,BTC/USD,23465.4,23484.0,23451.2,23484.0,6.67888373
2023-03-03 08:15:00,BTC/USD,23484.0,23501.8,23450.0,23450.0,11.25751521
2023-03-03 08:30:00,BTC/USD,23450.1,23488.9,23432.4,23469.8,10.02127663
2023-03-03 08:45:00,BTC/USD,23470.2,23486.5,23455.2,23466.5,137.09920997
2023-03-03 09:00:00,BTC/USD,23466.6,23478.5,23433.8,23434.5,22.3288158
2023-03-03 09:15:00,BTC/USD,23435.7,23451.8,23402.2,23413.3,20.6996799
2023-03-03 09:30:00,BTC/USD,23413.3,23460.0,23401.4,23410.5,69.77631528
2023-03-03 09:45:00,BTC/USD,23410.6,23430.6,23410.6,23424.2,6.82311877
2023-03-03 10:00:00,BTC/USD,23424.2,23424.3,23404.8,23415.5,1.43839102
2023-03-03 10:15:00,BTC/USD,23418.2,23418.2,22838.5,22857.1,422.91224033
2023-03-03 10:30:00,BTC/USD,22857.1,22860.5,22098.5,22346.8,1025.41511344
2023-03-03 10:45:00,BTC/USD,22347.3,22409.2,22000.0,22152.4,226.48243349
2023-03-03 11:00:00,BTC/USD,22164.0,22327.8,22106.4,22300.9,208.18697258
2023-03-03 11:15:00,BTC/USD,22300.1,22464.8,22273.6,22416.3,118.03363884
2023-03-03 11:30:00,BTC/USD,22409.6,22415.5,22313.6,22329.0,29.54755268
2023-03-03 11:45:00,BTC/USD,22329.1,22376.8,22313.6,22360.9,24.8804112
2023-03-03 12:00:00,BTC/USD,22354.4,22356.5,22300.0,22304.3,38.67863559
2023-03-03 12:15:00,BTC/USD,22303.5,22409.6,22298.3,22392.7,20.55710844
2023-03-03 12:30:00,BTC/USD,22386.1,22406.9,22330.2,22373.4,73.39413665
2023-03-03 12:45:00,BTC/USD,22373.3,22373.3,22300.7,22338.6,24.23956531
2023-03-03 13:00:00,BTC/USD,22338.5,22351.6,22251.9,22337.3,37.80006492
2023-03-03 13:15:00,BTC/USD,22337.4,22358.6,22337.3,22358.6,10.84024683
2023-03-03 13:30:00,BTC/USD,22360.5,22369.0,22337.0,22338.2,33.74514619
2023-03-03 13:45:00,BTC/USD,22338.2,22397.0,22337.0,22385.7,5.06004673
2023-03-03 14:00:00,BTC/USD,22385.2,22416.7,22364.5,22370.4,26.19822558
2023-03-03 14:15:00,BTC/USD,22370.4,22389.4,22344.5,22353.7,10.97471172
2023-03-03 14:30:00,BTC/USD,22353.7,22369.3,22344.0,22359.5,16.91663662
2023-03-03 14:45:00,BTC/USD,22357.3,22370.9,22352.5,22355.4,2.93964102
2023-03-03 15:00:00,BTC/USD,22355.5,22383.9,22335.2,22367.0,70.0517662
2023-03-03 15:15:00,BTC/USD,22369.3,22408.0,22364.5,22406.0,20.07331943
2023-03-03 15:30:00,BTC/USD,22406.1,22410.6,22380.0,22388.0,19.79873299
2023-03-03 15:45:00,BTC/USD,22388.0,22398.7,22386.0,22393.3,16.77516895
2023-03-03 16:00:00,BTC/USD,22393.3,22393.3,22349.9,22365.7,19.28095001
2023-03-03 16:15:00,BTC/USD,22365.4,22382.6,22341.2,22362.0,28.03430428
2023-03-03 16:30:00,BTC/USD,22362.0,22400.0,22356.2,22399.7,16.1043846
2023-03-03 16:45:00,BTC/USD,22399.7,22403.4,22364.4,22366.2,17.78056476
2023-03-03 17:00:00,BTC/USD,22366.3,22386.5,22366.3,22376.7,11.02348128
2023-03-03 17:15:00,BTC/USD,22376.8,22388.1,22376.8,22383.8,1.88349983
2023-03-03 17:30:00,BTC/USD,22383.9,22400.0,22379.4,22392.0,16.85107619
2023-03-03 17:45:00,BTC/USD,22392.2,22452.6,22392.1,22435.1,13.09223111
2023-03-03 18:00:00,BTC/USD,22436.2,22478.4,22409.9,22415.1,12.72663466
2023-03-03 18:15:00,BTC/USD,22415.1,22426.2,22380.1,22401.3,16.05120081
2023-03-03 18:30:00,BTC/USD,22401.7,22401.7,22369.4,22380.2,20.55197132
2023-03-03 18:45:00,BTC/USD,22380.2,22389.6,22358.4,22375.1,13.66156681
2023-03-03 19:00:00,BTC/USD,22375.1,22382.4,22360.8,22365.6,1.94236623
2023-03-03 19:15:00,BTC/USD,22365.7,22392.3,22365.6,22384.0,7.32668583
2023-03-03 19:30:00,BTC/USD,22384.0,22386.6,22373.5,22384.4,4.43315684
2023-03-03 19:45:00,BTC/USD,22383.5,22385.0,22350.0,22365.6,9.40092313
2023-03-03 20:00:00,BTC/USD,22365.5,22369.1,22314.6,22343.9,14.67635755
2023-03-03 20:15:00,BTC/USD,22344.0,22346.9,22336.8,22345.1,1.44858679
2023-03-03 20:30:00,BTC/USD,22346.2,22368.1,22341.6,22353.9,9.8523244
2023-03-03 20:45:00,BTC/USD,22354.0,22365.1,22347.0,22355.7,16.80482332
2023-03-03 21:00:00,BTC/USD,22355.5,22370.9,22347.0,22363.1,12.48816466
2023-03-03 21:15:00,BTC/USD,22363.2,22364.9,22330.2,22350.1,10.36972584
2023-03-03 21:30:00,BTC/USD,22350.2,22353.5,22332.3,22347.0,16.76467655
2023-03-03 21:45:00,BTC/USD,22347.0,22356.1,22347.0,22347.9,11.05691125
2023-03-03 22:00:00,BTC/USD,22348.0,22350.0,22332.3,22332.5,13.49545758
2023-03-03 22:15:00,BTC/USD,22332.4,22387.9,22307.8,22379.8,22.64523932
2023-03-03 22:30:00,BTC/USD,22379.8,22379.8,22323.8,22326.2,7.13452737
2023-03-03 22:45:00,BTC/USD,22326.2,22426.0,22180.0,22409.2,109.55076058
2023-03-03 23:00:00,BTC/USD,22401.7,22500.0,22390.0,22403.2,69.3292088
2023-03-03 23:15:00,BTC/USD,22407.0,22412.3,22367.8,22393.0,32.36823171
2023-03-03 23:30:00,BTC/USD,22392.9,22418.8,22370.4,22399.1,67.52198272
2023-03-03 23:45:00,BTC/USD,22399.1,22420.0,22382.4,22385.3,26.38983404
2023-03-04 00:00:00,BTC/USD,22384.2,22415.6,22250.0,22412.3,67.03760622
2023-03-04 00:15:00,BTC/USD,22411.3,22416.7,22349.1,22370.0,39.51806138
2023-03-04 00:30:00,BTC/USD,22377.1,22387.4,22341.8,22354.3,25.27999482
2023-03-04 00:45:00,BTC/USD,22352.6,22352.9,22314.6,22334.7,48.77565789
2023-03-04 01:00:00,BTC/USD,22334.7,22370.1,22324.6,22339.2,48.57935184
2023-03-04 01:15:00,BTC/USD,22339.2,22364.8,22330.0,22347.8,8.49605734
2023-03-04 01:30:00,BTC/USD,22347.8,22360.0,22328.3,22347.4,18.97902052
2023-03-04 01:45:00,BTC/USD,22347.4,22376.8,22340.1,22376.8,26.34789666
2023-03-04 02:00:00,BTC/USD,22376.8,22434.5,22376.7,22397.2,42.57545327
2023-03-04 02:15:00,BTC/USD,22391.5,22429.0,22386.0,22416.6,14.31342622
2023-03-04 02:30:00,BTC/USD,22416.5,22416.6,22395.3,22414.3,23.30623182
2023-03-04 02:45:00,BTC/USD,22414.4,22446.4,22414.3,22420.1,9.50811972
2023-03-04 03:00:00,BTC/USD,22420.1,22420.1,22393.8,22411.4,28.16452365
2023-03-04 03:15:00,BTC/USD,22411.3,22411.4,22384.9,22385.0,31.97448649
2023-03-04 03:30:00,BTC/USD,22385.0,22385.0,22240.4,22336.9,78.86071312
2023-03-04 03:45:00,BTC/USD,22337.0,22352.9,22294.1,22313.7,38.50531972
2023-03-04 04:00:00,BTC/USD,22313.7,22331.6,22295.3,22329.5,23.8238087
2023-03-04 04:15:00,BTC/USD,22329.2,22355.2,22305.3,22317.7,70.10469939
2023-03-04 04:30:00,BTC/USD,22317.8,22324.0,22301.2,22322.0,14.52874596
2023-03-04 04:45:00,BTC/USD,22322.1,22385.0,22322.0,22363.1,15.63788429
2023-03-04 05:00:00,BTC/USD,22363.1,22378.3,22358.0,22364.5,4.74124606
2023-03-04 05:15:00,BTC/USD,22364.6,22377.4,22332.9,22353.2,52.42866879
2023-03-04 05:30:00,BTC/USD,22353.3,22353.4,22283.9,22315.1,21.1885133
2023-03-04 05:45:00,BTC/USD,22315.1,22328.2,22301.2,22305.5,24.45154962
2023-03-04 06:00:00,BTC/USD,22305.5,22314.6,22254.0,22254.0,11.20126997
2023-03-04 06:15:00,BTC/USD,22255.7,22307.1,22152.0,22290.0,125.14006199
2023-03-04 06:30:00,BTC/USD,22288.7,22309.0,22257.3,22279.5,16.38168811
2023-03-04 06:45:00,BTC/USD,22278.7,22295.5,22168.5,22243.7,55.27595207
2023-03-04 07:00:00,BTC/USD,22242.4,22266.1,22241.0,22247.2,18.89673791
2023-03-04 07:15:00,BTC/USD,22247.2,22270.4,22247.2,22262.0,19.77737658
2023-03-04 07:30:00,BTC/USD,22262.1,22300.0,22262.1,22289.4,11.38363853
2023-03-04 07:45:00,BTC/USD,22289.4,22339.8,22289.4,22332.8,20.98560905
2023-03-04 08:00:00,BTC/USD,22332.9,22353.4,22330.9,22352.2,6.85132323
2023-03-04 08:15:00,BTC/USD,22352.2,22360.8,22319.8,22360.8,41.74211013
2023-03-04 08:30:00,BTC/USD,22360.9,22374.5,22353.7,22361.2,25.60061482
2023-03-04 08:45:00,BTC/USD,22360.8,22360.8,22337.4,22356.1,7.10498227
2023-03-04 09:00:00,BTC/USD,22356.0,22356.1,22337.9,22343.0,9.80786228
2023-03-04 09:15:00,BTC/USD,22343.1,22378.0,22340.1,22374.8,6.88679099
2023-03-04 09:30:00,BTC/USD,22375.8,22397.0,22351.1,22381.6,16.98420302
2023-03-04 09:45:00,BTC/USD,22381.7,22381.7,22373.5,22375.2,1.88378347
2023-03-04 10:00:00,BTC/USD,22374.6,22393.6,22372.9,22381.0,20.50247897
2023-03-04 10:15:00,BTC/USD,22381.1,22390.4,22367.0,22367.0,6.10937225
2023-03-04 10:30:00,BTC/USD,22368.8,22372.9,22356.2,22368.5,6.01832627
2023-03-04 10:45:00,BTC/USD,22368.6,22370.2,22342.2,22346.0,6.00822788
2023-03-04 11:00:00,BTC/USD,22345.9,22360.8,22337.9,22355.5,6.84211352
2023-03-04 11:15:00,BTC/USD,22354.4,22359.5,22349.3,22351.7,17.97355553
2023-03-04 11:30:00,BTC/USD,22351.8,22355.2,22347.6,22349.5,3.07521457
2023-03-04 11:45:00,BTC/USD,22349.6,22350.0,22340.4,22344.0,3.52260772
2023-03-04 12:00:00,BTC/USD,22343.6,22348.2,22328.2,22328.3,2.86247277
2023-03-04 12:15:00,BTC/USD,22328.4,22347.2,22328.4,22340.8,2.73366674
2023-03-04 12:30:00,BTC/USD,22340.7,22350.1,22336.5,22349.3,9.18074934
2023-03-04 12:45:00,BTC/USD,22346.5,22350.1,22335.4,22350.1,11.17855802
2023-03-04 13:00:00,BTC/USD,22350.1,22350.1,22345.0,22350.0,7.62761908
2023-03-04 13:15:00,BTC/USD,22350.1,22368.5,22338.1,22339.2,10.36614316
2023-03-04 13:30:00,BTC/USD,22343.0,22351.2,22332.7,22346.3,4.2239309
2023-03-04 13:45:00,BTC/USD,22347.3,22347.3,22329.9,22341.4,1.92989506
2023-03-04 14:00:00,BTC/USD,22345.0,22347.6,22337.5,22345.2,2.90531932
2023-03-04 14:15:00,BTC/USD,22345.2,22345.2,22328.3,22328.3,9.41833872
2023-03-04 14:30:00,BTC/USD,22328.3,22329.4,22280.1,22314.4,4.81764599
2023-03-04 14:45:00,BTC/USD,22314.5,22330.1,22313.3,22329.7,12.37432808
2023-03-04 15:00:00,BTC/USD,22329.4,22355.5,22316.9,22355.5,2.52293686
2023-03-04 15:15:00,BTC/USD,22355.6,22400.0,22355.6,22392.7,31.75891643
2023-03-04 15:30:00,BTC/USD,22392.8,22401.0,22387.2,22387.5,11.67352888
2023-03-04 15:45:00,BTC/USD,22387.5,22388.9,22368.9,22373.0,7.97504311
2023-03-04 16:00:00,BTC/USD,22373.1,22374.6,22364.9,22365.8,2.19898471
2023-03-04 16:15:00,BTC/USD,22365.8,22378.4,22365.8,22375.4,1.28914305
2023-03-04 16:30:00,BTC/USD,22375.4,22376.6,22368.1,22375.9,3.4280793
2023-03-04 16:45:00,BTC/USD,22376.0,22376.0,22356.2,22360.0,14.76761973
2023-03-04 17:00:00,BTC/USD,22359.9,22364.3,22354.0,22354.1,2.50033565
2023-03-04 17:15:00,BTC/USD,22354.1,22361.9,22354.0,22357.1,1.40830691
2023-03-04 17:30:00,BTC/USD,22357.1,22357.2,22332.6,22336.3,17.59372965
2023-03-04 17:45:00,BTC/USD,22336.3,22354.7,22336.3,22344.0,2.22127709
2023-03-04 18:00:00,BTC/USD,22344.0,22376.6,22343.1,22371.5,7.18664117
2023-03-04 18:15:00,BTC/USD,22371.4,22375.8,22357.9,22365.3,16.79706254
2023-03-04 18:30:00,BTC/USD,22365.4,22365.4,22354.1,22355.1,9.54160678
2023-03-04 18:45:00,BTC/USD,22355.2,22360.6,22349.3,22354.5,13.21383937
2023-03-04 19:00:00,BTC/USD,22354.6,22360.8,22352.4,22355.3,0.67140287
2023-03-04 19:15:00,BTC/USD,22355.2,22357.2,22346.3,22347.2,4.59961942
2023-03-04 19:30:00,BTC/USD,22347.3,22348.9,22341.5,22341.5,4.79741278
2023-03-04 19:45:00,BTC/USD,22341.5,22351.3,22341.5,22347.9,6.48495645
2023-03-04 20:00:00,BTC/USD,22348.0,22348.0,22347.9,22348.0,3.09443021
2023-03-04 20:15:00,BTC/USD,22347.9,22354.2,22347.9,22354.1,2.89644
2023-03-04 20:30:00,BTC/USD,22354.1,22359.7,22351.2,22356.5,5.03773145
2023-03-04 20:45:00,BTC/USD,22356.6,22356.8,22355.0,22355.0,1.51591465
2023-03-04 21:00:00,BTC/USD,22355.1,22367.5,22351.2,22365.5,3.72869253
2023-03-04 21:15:00,BTC/USD,22365.6,22365.6,22352.7,22360.2,1.76829571
2023-03-04 21:30:00,BTC/USD,22360.2,22360.2,22350.4,22352.8,2.71887089
2023-03-04 21:45:00,BTC/USD,22353.9,22398.4,22353.4,22389.6,9.3975881
2023-03-04 22:00:00,BTC/USD,22389.6,22389.6,22375.0,22375.0,2.60103371
2023-03-04 22:15:00,BTC/USD,22375.1,22375.5,22366.0,22375.5,9.91537638
2023-03-04 22:30:00,BTC/USD,22375.4,22375.5,22364.0,22367.2,4.08213563
2023-03-04 22:45:00,BTC/USD,22367.2,22367.7,22366.9,22367.4,1.12860701
2023-03-04 23:00:00,BTC/USD,22367.4,22367.5,22348.5,22359.0,3.82620354
2023-03-04 23:15:00,BTC/USD,22359.0,22369.2,22358.9,22358.9,1.37188397
2023-03-04 23:30:00,BTC/USD,22359.0,22359.0,22341.5,22346.9,8.66817929
2023-03-04 23:45:00,BTC/USD,22347.0,22350.9,22342.9,22347.3,1.8812425
2023-03-05 00:00:00,BTC/USD,22346.4,22353.8,22341.3,22352.2,10.21568809
2023-03-05 00:15:00,BTC/USD,22353.0,22356.4,22341.8,22346.8,7.66068108
2023-03-05 00:30:00,BTC/USD,22346.8,22348.0,22333.3,22333.4,6.57374722
2023-03-05 00:45:00,BTC/USD,22333.3,22346.1,22320.0,22326.4,31.43858693
2023-03-05 01:00:00,BTC/USD,22326.4,22326.4,22295.7,22319.7,14.23712308
2023-03-05 01:15:00,BTC/USD,22320.3,22326.4,22318.3,22326.4,15.25917814
2023-03-05 01:30:00,BTC/USD,22326.3,22345.2,22325.2,22338.4,3.40983978
2023-03-05 01:45:00,BTC/USD,22338.4,22338.4,22322.1,22327.0,5.16328787
2023-03-05 02:00:00,BTC/USD,22327.1,22327.1,22324.7,22324.7,5.41264415
2023-03-05 02:15:00,BTC/USD,22324.7,22335.3,22324.7,22330.1,4.2084392
2023-03-05 02:30:00,BTC/USD,22330.1,22330.1,22310.1,22310.2,59.54624099
2023-03-05 02:45:00,BTC/USD,22310.2,22310.2,22310.1,22310.2,6.85060796
2023-03-05 03:00:00,BTC/USD,22310.2,22317.1,22246.0,22317.1,37.27452335
2023-03-05 03:15:00,BTC/USD,22317.7,22331.6,22306.8,22325.3,5.90031607
2023-03-05 03:30:00,BTC/USD,22325.3,22328.3,22316.6,22321.6,2.60105799
2023-03-05 03:45:00,BTC/USD,22321.6,22326.8,22317.5,22323.4,6.13831189
2023-03-05 04:00:00,BTC/USD,22323.4,22327.5,22309.7,22309.7,4.88550602
2023-03-05 04:15:00,BTC/USD,22309.6,22309.7,22283.2,22285.0,12.51558372
2023-03-05 04:30:00,BTC/USD,22285.1,22285.1,22253.9,22285.0,30.6582461
2023-03-05 04:45:00,BTC/USD,22285.1,22285.1,22231.6,22249.4,6.53289655
2023-03-05 05:00:00,BTC/USD,22249.9,22264.7,22210.0,22210.1,8.63910557
2023-03-05 05:15:00,BTC/USD,22210.1,22261.9,22210.0,22237.4,16.38955548
2023-03-05 05:30:00,BTC/USD,22237.8,22254.9,22188.7,22198.8,19.54500071
2023-03-05 05:45:00,BTC/USD,22200.0,22255.3,22183.3,22255.3,39.22880288
2023-03-05 06:00:00,BTC/USD,22253.2,22253.3,22200.0,22215.0,15.73290669
2023-03-05 06:15:00,BTC/USD,22220.4,22237.8,22205.7,22231.0,13.78373902
2023-03-05 06:30:00,BTC/USD,22232.0,22234.9,22191.5,22191.5,12.45358885
2023-03-05 06:45:00,BTC/USD,22191.5,22249.2,22168.5,22210.9,30.90314857
2023-03-05 07:00:00,BTC/USD,22211.0,22234.7,22202.7,22225.4,32.56791963
2023-03-05 07:15:00,BTC/USD,22225.4,22349.0,22225.3,22309.4,41.91199514
2023-03-05 07:30:00,BTC/USD,22309.4,22359.6,22309.0,22335.5,29.31012532
2023-03-05 07:45:00,BTC/USD,22335.6,22335.6,22292.1,22306.4,6.77947473
2023-03-05 08:00:00,BTC/USD,22307.5,22337.0,22291.3,22324.9,1.76045894
2023-03-05 08:15:00,BTC/USD,22319.6,22330.7,22307.7,22315.4,3.10751676
2023-03-05 08:30:00,BTC/USD,22318.0,22341.7,22315.1,22338.1,3.80088069
2023-03-05 08:45:00,BTC/USD,22338.8,22349.5,22327.8,22348.5,1.16741142
2023-03-05 09:00:00,BTC/USD,22348.4,22352.6,22342.5,22344.4,2.06729067
2023-03-05 09:15:00,BTC/USD,22344.3,22345.2,22319.1,22327.2,2.16533344
2023-03-05 09:30:00,BTC/USD,22327.2,22358.3,22323.2,22333.6,2.77220845
2023-03-05 09:45:00,BTC/USD,22333.5,22387.8,22323.1,22379.4,8.34648188
2023-03-05 10:00:00,BTC/USD,22380.6,22399.7,22349.4,22394.4,9.78514816
2023-03-05 10:15:00,BTC/USD,22394.5,22667.2,22394.4,22561.3,144.33871737
2023-03-05 10:30:00,BTC/USD,22558.7,22639.7,22558.7,22603.6,52.02957832
2023-03-05 10:45:00,BTC/USD,22601.5,22620.6,22558.2,22582.1,14.49690328
2023-03-05 11:00:00,BTC/USD,22582.2,22609.0,22576.0,22600.8,3.71877731
2023-03-05 11:15:00,BTC/USD,22600.8,22600.9,22539.4,22546.7,1.98140544
2023-03-05 11:30:00,BTC/USD,22545.4,22548.0,22212.1,22333.8,98.17953443
2023-03-05 11:45:00,BTC/USD,22334.0,22375.1,22304.7,22367.6,13.00288941
2023-03-05 12:00:00,BTC/USD,22367.6,22418.9,22367.5,22415.4,10.29546129
2023-03-05 12:15:00,BTC/USD,22415.4,22441.6,22375.6,22398.4,9.54724891
2023-03-05 12:30:00,BTC/USD,22398.4,22425.4,22397.5,22405.8,3.26919406
2023-03-05 12:45:00,BTC/USD,22419.4,22422.0,22378.9,22389.5,1.96933863
2023-03-05 13:00:00,BTC/USD,22389.7,22460.3,22388.1,22454.2,7.69838564
2023-03-05 13:15:00,BTC/USD,22453.9,22459.1,22438.9,22442.7,0.52956543
2023-03-05 13:30:00,BTC/USD,22442.7,22449.5,22414.5,22444.6,12.12626102
2023-03-05 13:45:00,BTC/USD,22445.3,22461.3,22435.3,22449.2,0.47277789
2023-03-05 14:00:00,BTC/USD,22449.1,22449.2,22419.7,22433.6,3.77686982
2023-03-05 14:15:00,BTC/USD,22437.6,22437.7,22427.1,22433.2,0.2961068
2023-03-05 14:30:00,BTC/USD,22433.1,22433.2,22402.0,22403.7,2.87558012
2023-03-05 14:45:00,BTC/USD,22403.7,22429.3,22403.6,22419.9,2.77590102
2023-03-05 15:00:00,BTC/USD,22421.3,22424.1,22411.7,22411.7,2.00099899
2023-03-05 15:15:00,BTC/USD,22411.6,22423.6,22411.3,22415.8,0.34598404
2023-03-05 15:30:00,BTC/USD,22415.8,22423.7,22406.7,22422.3,1.30276387
2023-03-05 15:45:00,BTC/USD,22422.4,22422.4,22414.0,22422.4,0.59153039
2023-03-05 16:00:00,BTC/USD,22422.4,22422.4,22379.5,22395.0,4.37707284
2023-03-05 16:15:00,BTC/USD,22394.9,22404.4,22375.2,22392.9,4.20253878
2023-03-05 16:30:00,BTC/USD,22392.9,22396.5,22383.3,22386.8,3.83638663
2023-03-05 16:45:00,BTC/USD,22385.9,22385.9,22370.9,22375.5,4.63159463
2023-03-05 17:00:00,BTC/USD,22379.3,22396.3,22371.0,22395.6,9.1331783
2023-03-05 17:15:00,BTC/USD,22398.3,22402.7,22376.9,22377.6,10.78414039
2023-03-05 17:30:00,BTC/USD,22377.5,22377.6,22336.7,22360.7,14.6952434
2023-03-05 17:45:00,BTC/USD,22359.5,22359.5,22337.2,22340.5,5.18036945
2023-03-05 18:00:00,BTC/USD,22340.5,22376.1,22338.6,22374.0,7.32655218
2023-03-05 18:15:00,BTC/USD,22374.0,22396.8,22366.4,22375.0,7.69532969
2023-03-05 18:30:00,BTC/USD,22373.8,22396.5,22371.7,22381.5,27.62039943
2023-03-05 18:45:00,BTC/USD,22385.1,22395.1,22371.1,22376.3,26.01459872
2023-03-05 19:00:00,BTC/USD,22376.3,22379.5,22365.8,22372.8,4.87346247
2023-03-05 19:15:00,BTC/USD,22372.8,22441.3,22366.3,22402.1,24.71541278
2023-03-05 19:30:00,BTC/USD,22411.2,22413.3,22400.0,22409.7,0.52634748
2023-03-05 19:45:00,BTC/USD,22408.1,22419.2,22400.0,22416.1,1.61738513
2023-03-05 20:00:00,BTC/USD,22415.9,22426.2,22409.3,22416.0,3.07701236
2023-03-05 20:15:00,BTC/USD,22419.3,22420.3,22400.5,22412.7,1.07457402
2023-03-05 20:30:00,BTC/USD,22412.0,22412.5,22388.1,22395.5,4.81738254
2023-03-05 20:45:00,BTC/USD,22391.8,22413.6,22391.8,22399.8,0.70036672
2023-03-05 21:00:00,BTC/USD,22399.9,22401.7,22393.0,22401.7,1.66930171
2023-03-05 21:15:00,BTC/USD,22401.7,22413.6,22394.8,22394.8,1.63331898
2023-03-05 21:30:00,BTC/USD,22395.7,22409.6,22395.7,22408.9,0.61415668
2023-03-05 21:45:00,BTC/USD,22408.9,22433.5,22401.6,22422.4,4.69178803
2023-03-05 22:00:00,BTC/USD,22422.4,22444.3,22422.4,22440.1,10.75851151
2023-03-05 22:15:00,BTC/USD,22440.1,22440.1,22424.3,22433.9,8.30747798
2023-03-05 22:30:00,BTC/USD,22437.8,22497.6,22427.5,22460.6,28.33427777
2023-03-05 22:45:00,BTC/USD,22445.8,22477.7,22430.3,22466.7,22.00118741
2023-03-05 23:00:00,BTC/USD,22466.9,22477.8,22431.1,22453.5,14.78075412
2023-03-05 23:15:00,BTC/USD,22453.5,22466.4,22443.2,22449.6,22.26630194
2023-03-05 23:30:00,BTC/USD,22448.4,22452.2,22425.8,22445.3,8.2748111
2023-03-05 23:45:00,BTC/USD,22445.3,22453.0,22428.1,22448.4,37.3299835
2023-03-06 00:00:00,BTC/USD,22448.5,22448.5,22430.0,22445.7,11.47196948
2023-03-06 00:15:00,BTC/USD,22445.7,22462.0,22430.0,22459.1,3.31618162
2023-03-06 00:30:00,BTC/USD,22458.8,22464.2,22449.5,22453.2,0.96685465
2023-03-06 00:45:00,BTC/USD,22453.2,22453.4,22436.9,22436.9,3.32479328
2023-03-06 01:00:00,BTC/USD,22437.4,22448.8,22434.0,22434.1,1.00492186
2023-03-06 01:15:00,BTC/USD,22434.1,22445.8,22428.9,22437.5,7.49100072
2023-03-06 01:30:00,BTC/USD,22439.8,22444.9,22427.0,22444.9,32.94028181
2023-03-06 01:45:00,BTC/USD,22445.9,22456.2,22437.2,22442.0,8.08548627
2023-03-06 02:00:00,BTC/USD,22443.6,22453.0,22436.3,22441.4,13.34547449
2023-03-06 02:15:00,BTC/USD,22440.0,22441.9,22436.1,22440.0,6.33860735
2023-03-06 02:30:00,BTC/USD,22440.0,22453.0,22438.9,22449.6,3.06016702
2023-03-06 02:45:00,BTC/USD,22449.7,22455.2,22427.0,22427.1,5.19348818
2023-03-06 03:00:00,BTC/USD,22427.1,22442.6,22427.0,22441.4,3.99624886
2023-03-06 03:15:00,BTC/USD,22435.0,22448.5,22435.0,22438.8,4.59389349
2023-03-06 03:30:00,BTC/USD,22439.3,22439.3,22426.1,22437.2,15.80623167
2023-03-06 03:45:00,BTC/USD,22438.7,22445.3,22434.5,22434.6,3.91477984
2023-03-06 04:00:00,BTC/USD,22434.5,22443.7,22432.4,22441.5,2.09953699
2023-03-06 04:15:00,BTC/USD,22441.6,22449.5,22400.0,22400.1,86.06745494
2023-03-06 04:30:00,BTC/USD,22400.1,22407.1,22377.5,22398.8,21.95877655
2023-03-06 04:45:00,BTC/USD,22398.8,22418.9,22398.7,22406.7,2.73195694
2023-03-06 05:00:00,BTC/USD,22406.7,22413.5,22405.1,22412.6,0.69243929
2023-03-06 05:15:00,BTC/USD,22415.2,22423.5,22404.7,22404.7,6.18725979
2023-03-06 05:30:00,BTC/USD,22404.8,22415.1,22400.3,22415.1,2.84219175
2023-03-06 05:45:00,BTC/USD,22415.1,22421.1,22404.8,22409.8,6.24352192
2023-03-06 06:00:00,BTC/USD,22409.8,22503.3,22404.2,22503.3,14.59674542
2023-03-06 06:15:00,BTC/USD,22505.4,22557.3,22454.7,22470.4,49.99739279
2023-03-06 06:30:00,BTC/USD,22470.4,22477.0,22324.2,22373.5,52.26778749
2023-03-06 06:45:00,BTC/USD,22373.5,22529.3,22361.7,22485.2,23.14657866
2023-03-06 07:00:00,BTC/USD,22486.6,22486.6,22421.4,22444.0,9.71277818
2023-03-06 07:15:00,BTC/USD,22444.9,22444.9,22400.0,22411.0,12.8378364
2023-03-06 07:30:00,BTC/USD,22407.3,22434.2,22400.0,22430.1,5.89597989
2023-03-06 07:45:00,BTC/USD,22430.1,22449.0,22419.8,22435.7,6.65150919
2023-03-06 08:00:00,BTC/USD,22435.6,22435.6,22366.7,22409.3,9.5798715
2023-03-06 08:15:00,BTC/USD,22408.1,22412.8,22380.6,22405.6,3.14650544
2023-03-06 08:30:00,BTC/USD,22405.6,22458.7,22404.9,22417.3,8.70063073
2023-03-06 08:45:00,BTC/USD,22417.3,22442.0,22400.5,22426.9,7.61924547
2023-03-06 09:00:00,BTC/USD,22428.1,22435.5,22418.2,22420.3,11.16508835
2023-03-06 09:15:00,BTC/USD,22420.4,22449.9,22378.9,22447.7,19.74989965
2023-03-06 09:30:00,BTC/USD,22448.0,22469.2,22440.1,22462.4,9.61238937
2023-03-06 09:45:00,BTC/USD,22462.4,22464.5,22450.0,22450.1,5.17502129
2023-03-06 10:00:00,BTC/USD,22450.0,22469.2,22382.9,22390.8,16.72923876
2023-03-06 10:15:00,BTC/USD,22390.1,22501.6,22364.8,22459.4,20.19972984
2023-03-06 10:30:00,BTC/USD,22457.1,22467.9,22393.3,22400.1,3.33604425
2023-03-06 10:45:00,BTC/USD,22394.4,22417.5,22323.3,22385.3,24.60307435
2023-03-06 11:00:00,BTC/USD,22384.4,22394.3,22277.1,22341.5,51.89042066
2023-03-06 11:15:00,BTC/USD,22341.0,22373.1,22316.3,22338.5,5.345597
2023-03-06 11:30:00,BTC/USD,22342.0,22407.2,22336.9,22383.3,12.60209045
2023-03-06 11:45:00,BTC/USD,22381.1,22397.8,22367.5,22393.2,3.13564976
2023-03-06 12:00:00,BTC/USD,22393.2,22419.8,22376.4,22376.4,2.03250481
2023-03-06 12:15:00,BTC/USD,22376.1,22396.2,22376.0,22392.9,11.69279194
2023-03-06 12:30:00,BTC/USD,22398.2,22402.1,22378.7,22399.0,4.071828
2023-03-06 12:45:00,BTC/USD,22400.2,22400.2,22384.0,22385.9,4.45912107
2023-03-06 13:00:00,BTC/USD,22386.7,22396.9,22371.8,22393.8,9.55565295
2023-03-06 13:15:00,BTC/USD,22393.7,22399.6,22381.0,22382.1,0.98032804
2023-03-06 13:30:00,BTC/USD,22382.1,22382.1,22344.0,22358.5,7.96743212
2023-03-06 13:45:00,BTC/USD,22358.5,22358.6,22336.6,22343.5,8.22547423
2023-03-06 14:00:00,BTC/USD,22346.9,22368.3,22322.9,22355.3,37.61617423
2023-03-06 14:15:00,BTC/USD,22355.3,22355.3,22336.6,22340.9,16.89972952
2023-03-06 14:30:00,BTC/USD,22340.9,22355.3,22340.9,22355.3,1.12632917
2023-03-06 14:45:00,BTC/USD,22355.2,22373.2,22355.2,22373.2,3.49205543
2023-03-06 15:00:00,BTC/USD,22373.3,22396.4,22373.2,22387.2,3.97916271
2023-03-06 15:15:00,BTC/USD,22387.3,22434.2,22381.7,22425.6,2.24978809
2023-03-06 15:30:00,BTC/USD,22425.6,22425.6,22405.2,22408.8,10.92372853
2023-03-06 15:45:00,BTC/USD,22407.7,22408.8,22405.1,22405.2,6.19677603
2023-03-06 16:00:00,BTC/USD,22405.2,22410.0,22389.4,22410.0,10.67712185
2023-03-06 16:15:00,BTC/USD,22410.0,22427.9,22405.7,22424.5,9.365586
2023-03-06 16:30:00,BTC/USD,22423.7,22428.6,22407.8,22408.5,18.5061553
2023-03-06 16:45:00,BTC/USD,22413.0,22413.0,22389.9,22399.1,6.94354091
2023-03-06 17:00:00,BTC/USD,22399.1,22399.1,22381.9,22383.6,10.43312141
2023-03-06 17:15:00,BTC/USD,22383.7,22399.0,22368.8,22396.1,50.85628034
2023-03-06 17:30:00,BTC/USD,22394.4,22450.0,22390.5,22434.7,14.81029803
2023-03-06 17:45:00,BTC/USD,22425.0,22425.0,22401.7,22417.8,6.28117438
2023-03-06 18:00:00,BTC/USD,22416.2,22421.4,22400.6,22412.0,16.69362944
2023-03-06 18:15:00,BTC/USD,22412.0,22413.1,22371.9,22379.6,27.44262255
2023-03-06 18:30:00,BTC/USD,22379.5,22403.1,22374.0,22403.1,2.80170248
2023-03-06 18:45:00,BTC/USD,22402.8,22402.8,22380.5,22394.9,3.51477425
2023-03-06 19:00:00,BTC/USD,22394.9,22408.8,22386.0,22397.9,3.09478888
2023-03-06 19:15:00,BTC/USD,22399.6,22404.6,22386.4,22390.9,0.73379856
2023-03-06 19:30:00,BTC/USD,22390.9,22391.0,22375.8,22387.0,6.18556083
2023-03-06 19:45:00,BTC/USD,22387.4,22401.9,22383.7,22401.9,4.35513631
2023-03-06 20:00:00,BTC/USD,22401.9,22401.9,22382.4,22385.9,8.26470716
2023-03-06 20:15:00,BTC/USD,22385.9,22402.9,22385.9,22395.6,7.27574974
2023-03-06 20:30:00,BTC/USD,22395.6,22395.6,22374.4,22377.2,10.31279377
2023-03-06 20:45:00,BTC/USD,22375.2,22381.3,22365.0,22379.3,7.45277652
2023-03-06 21:00:00,BTC/USD,22379.3,22381.5,22364.3,22375.0,4.80865782
2023-03-06 21:15:00,BTC/USD,22374.7,22398.7,22373.7,22397.8,2.8543905
2023-03-06 21:30:00,BTC/USD,22397.7,22408.7,22390.8,22402.1,17.87197099
2023-03-06 21:45:00,BTC/USD,22402.0,22405.6,22384.1,22397.8,6.99652727
2023-03-06 22:00:00,BTC/USD,22399.7,22406.3,22397.1,22403.1,1.49020171
2023-03-06 22:15:00,BTC/USD,22403.1,22405.1,22397.1,22405.1,9.4560441
2023-03-06 22:30:00,BTC/USD,22405.1,22456.4,22405.0,22455.3,33.32255591
2023-03-06 22:45:00,BTC/USD,22455.4,22484.4,22424.8,22439.2,26.94353516
2023-03-06 23:00:00,BTC/USD,22440.0,22440.0,22410.9,22415.2,10.8062018
2023-03-06 23:15:00,BTC/USD,22415.6,22435.1,22415.5,22429.6,22.01301663
2023-03-06 23:30:00,BTC/USD,22429.6,22478.8,22414.5,22438.0,11.9150954
2023-03-06 23:45:00,BTC/USD,22438.0,22445.8,22414.1,22441.9,5.51949089
2023-03-07 00:00:00,BTC/USD,22448.0,22476.5,22436.1,22451.6,15.00283614
2023-03-07 00:15:00,BTC/USD,22451.6,22479.1,22432.3,22441.8,24.16015427
2023-03-07 00:30:00,BTC/USD,22439.2,22466.7,22437.4,22464.5,15.98879758
2023-03-07 00:45:00,BTC/USD,22464.5,22600.0,22464.5,22556.9,74.96222461
2023-03-07 01:00:00,BTC/USD,22557.0,22580.0,22516.1,22539.5,20.45564646
2023-03-07 01:15:00,BTC/USD,22539.5,22557.0,22490.0,22490.0,36.11758772
2023-03-07 01:30:00,BTC/USD,22494.9,22507.6,22477.7,22498.6,29.98269656
2023-03-07 01:45:00,BTC/USD,22498.6,22550.0,22498.5,22523.9,81.90523471
2023-03-07 02:00:00,BTC/USD,22525.2,22528.9,22502.0,22528.3,7.68561151
2023-03-07 02:15:00,BTC/USD,22526.1,22533.8,22506.4,22510.4,19.50017635
2023-03-07 02:30:00,BTC/USD,22510.4,22523.9,22503.5,22508.5,13.17497524
2023-03-07 02:45:00,BTC/USD,22508.5,22511.2,22470.2,22481.4,49.3974342
2023-03-07 03:00:00,BTC/USD,22481.0,22497.0,22474.1,22478.7,20.56484715
2023-03-07 03:15:00,BTC/USD,22478.7,22535.1,22478.7,22523.7,15.35104165
2023-03-07 03:30:00,BTC/USD,22524.5,22528.2,22501.4,22528.1,7.40196132
2023-03-07 03:45:00,BTC/USD,22528.1,22528.1,22502.7,22504.0,5.62403403
2023-03-07 04:00:00,BTC/USD,22503.7,22508.7,22494.8,22498.8,9.25168797
2023-03-07 04:15:00,BTC/USD,22498.9,22498.9,22366.4,22400.0,71.73166061
2023-03-07 04:30:00,BTC/USD,22400.0,22400.0,22378.2,22384.6,34.902304
2023-03-07 04:45:00,BTC/USD,22383.8,22453.9,22378.0,22395.4,34.58342351
2023-03-07 05:00:00,BTC/USD,22394.2,22411.2,22384.9,22386.7,15.18469183
2023-03-07 05:15:00,BTC/USD,22386.7,22394.4,22363.0,22367.9,31.75327873
2023-03-07 05:30:00,BTC/USD,22368.7,22398.3,22368.7,22394.7,12.03156927
2023-03-07 05:45:00,BTC/USD,22394.7,22400.6,22329.7,22349.9,25.63990176
2023-03-07 06:00:00,BTC/USD,22350.8,22362.0,22322.4,22361.9,47.83876563
2023-03-07 06:15:00,BTC/USD,22362.0,22389.8,22358.2,22385.0,41.18935023
2023-03-07 06:30:00,BTC/USD,22382.9,22439.0,22382.9,22404.3,18.33366881
2023-03-07 06:45:00,BTC/USD,22402.3,22406.2,22393.2,22405.0,10.95785986
2023-03-07 07:00:00,BTC/USD,22405.0,22432.9,22405.0,22430.8,19.15126183
2023-03-07 07:15:00,BTC/USD,22430.8,22430.8,22422.5,22425.5,8.20507957
2023-03-07 07:30:00,BTC/USD,22425.4,22430.8,22425.4,22430.8,21.93254278
2023-03-07 07:45:00,BTC/USD,22430.8,22430.8,22417.0,22430.8,11.30272099
2023-03-07 08:00:00,BTC/USD,22430.7,22430.8,22418.2,22430.7,8.38767236
2023-03-07 08:15:00,BTC/USD,22430.8,22430.8,22423.0,22424.6,4.85165135
2023-03-07 08:30:00,BTC/USD,22425.0,22436.7,22398.3,22405.4,15.9954626
2023-03-07 08:45:00,BTC/USD,22404.8,22412.2,22396.7,22409.4,10.30254141
2023-03-07 09:00:00,BTC/USD,22409.3,22420.9,22396.7,22396.8,15.70907685
2023-03-07 09:15:00,BTC/USD,22396.7,22406.6,22380.2,22393.4,3.73713323
2023-03-07 09:30:00,BTC/USD,22395.3,22419.3,22395.3,22406.8,3.65892676
2023-03-07 09:45:00,BTC/USD,22406.8,22414.8,22393.4,22412.0,2.56940954
2023-03-07 10:00:00,BTC/USD,22413.1,22487.0,22412.6,22487.0,14.71006546
2023-03-07 10:15:00,BTC/USD,22486.9,22500.0,22460.7,22461.4,9.74854084
2023-03-07 10:30:00,BTC/USD,22461.5,22466.2,22441.1,22452.6,8.32484669
2023-03-07 10:45:00,BTC/USD,22443.3,22485.0,22443.3,22484.3,9.1930708
2023-03-07 11:00:00,BTC/USD,22480.1,22483.9,22459.2,22459.2,1.71880805
2023-03-07 11:15:00,BTC/USD,22458.7,22473.5,22453.5,22466.8,5.51281024
2023-03-07 11:30:00,BTC/USD,22467.0,22496.9,22466.9,22476.3,4.05191462
2023-03-07 11:45:00,BTC/USD,22476.3,22499.9,22476.3,22499.9,5.98675962
2023-03-07 12:00:00,BTC/USD,22497.9,22554.6,22484.2,22488.4,49.1858942
2023-03-07 12:15:00,BTC/USD,22485.3,22490.0,22465.1,22465.1,2.91456771
2023-03-07 12:30:00,BTC/USD,22465.1,22468.7,22450.0,22454.7,6.76901549
2023-03-07 12:45:00,BTC/USD,22453.7,22463.8,22452.6,22460.5,1.69705644
2023-03-07 13:00:00,BTC/USD,22460.5,22472.0,22460.0,22471.4,10.10718049
2023-03-07 13:15:00,BTC/USD,22468.2,22470.7,22464.1,22470.6,5.7762508
2023-03-07 13:30:00,BTC/USD,22470.7,22470.7,22468.0,22468.0,5.25979241
2023-03-07 13:45:00,BTC/USD,22468.1,22468.1,22463.8,22468.0,2.62559369
2023-03-07 14:00:00,BTC/USD,22468.1,22472.2,22468.0,22472.1,1.23205351
2023-03-07 14:15:00,BTC/USD,22472.1,22475.0,22472.1,22472.1,1.42640289
2023-03-07 14:30:00,BTC/USD,22472.1,22472.2,22471.7,22471.7,4.20780704
2023-03-07 14:45:00,BTC/USD,22471.7,22471.8,22455.4,22455.9,2.9167509
2023-03-07 15:00:00,BTC/USD,22455.9,22459.1,22441.3,22444.8,18.95513913
2023-03-07 15:15:00,BTC/USD,22444.8,22444.9,22429.9,22440.0,5.75500616
2023-03-07 15:30:00,BTC/USD,22440.1,22442.4,22414.2,22429.1,15.53670275
2023-03-07 15:45:00,BTC/USD,22429.1,22440.2,22429.1,22438.9,1.31100735
2023-03-07 16:00:00,BTC/USD,22439.0,22442.4,22424.9,22442.3,5.85162161
2023-03-07 16:15:00,BTC/USD,22442.3,22452.4,22411.6,22426.4,5.25321256
2023-03-07 16:30:00,BTC/USD,22426.4,22438.9,22424.3,22430.4,2.18027906
2023-03-07 16:45:00,BTC/USD,22430.4,22431.8,22424.3,22425.0,6.59146396
2023-03-07 17:00:00,BTC/USD,22425.1,22425.1,22400.0,22402.3,12.62242486
2023-03-07 17:15:00,BTC/USD,22402.3,22422.5,22402.3,22413.7,1.55434249
2023-03-07 17:30:00,BTC/USD,22413.7,22415.6,22400.1,22409.0,47.00526824
2023-03-07 17:45:00,BTC/USD,22408.9,22424.6,22406.3,22422.8,4.69931853
2023-03-07 18:00:00,BTC/USD,22422.9,22423.2,22412.9,22414.7,5.42585968
2023-03-07 18:15:00,BTC/USD,22414.7,22414.8,22366.0,22392.1,34.96856802
2023-03-07 18:30:00,BTC/USD,22392.2,22392.2,22356.0,22371.0,9.18743082
2023-03-07 18:45:00,BTC/USD,22371.1,22391.3,22349.6,22381.9,18.11239517
2023-03-07 19:00:00,BTC/USD,22382.0,22409.8,22380.4,22401.7,6.99013723
2023-03-07 19:15:00,BTC/USD,22402.1,22417.0,22401.4,22417.0,6.28589922
2023-03-07 19:30:00,BTC/USD,22417.0,22421.7,22395.2,22395.2,5.69667615
2023-03-07 19:45:00,BTC/USD,22396.4,22396.7,22369.0,22371.7,8.8414399
2023-03-07 20:00:00,BTC/USD,22371.4,22390.6,22370.4,22390.5,4.29399991
2023-03-07 20:15:00,BTC/USD,22390.5,22390.5,22372.1,22376.3,1.13777716
2023-03-07 20:30:00,BTC/USD,22376.4,22390.0,22375.5,22375.5,5.17792885
2023-03-07 20:45:00,BTC/USD,22374.3,22374.3,22327.3,22343.6,33.00500503
2023-03-07 21:00:00,BTC/USD,22343.6,22383.9,22335.0,22383.8,25.67575238
2023-03-07 21:15:00,BTC/USD,22383.9,22389.8,22372.0,22372.2,16.64700661
2023-03-07 21:30:00,BTC/USD,22370.3,22383.0,22359.0,22382.9,21.81451995
2023-03-07 21:45:00,BTC/USD,22380.8,22407.9,22376.2,22405.2,16.54279513
2023-03-07 22:00:00,BTC/USD,22405.2,22405.3,22390.3,22390.9,2.7551462
2023-03-07 22:15:00,BTC/USD,22391.0,22407.4,22390.9,22401.9,4.20862594
2023-03-07 22:30:00,BTC/USD,22401.8,22401.8,22375.0,22389.0,48.32505077
2023-03-07 22:45:00,BTC/USD,22388.0,22389.0,22350.3,22358.0,16.8360739
2023-03-07 23:00:00,BTC/USD,22359.1,22359.3,22343.5,22343.5,7.47454321
2023-03-07 23:15:00,BTC/USD,22343.6,22378.4,22280.8,22339.9,38.90251104
2023-03-07 23:30:00,BTC/USD,22336.3,22353.0,22222.0,22306.7,57.327426
2023-03-07 23:45:00,BTC/USD,22301.1,22331.4,22301.0,22312.6,20.54532482
2023-03-08 00:00:00,BTC/USD,22312.5,22312.5,21914.2,22040.0,423.06734408
2023-03-08 00:15:00,BTC/USD,22034.7,22400.7,22007.1,22210.5,176.41290232
2023-03-08 00:30:00,BTC/USD,22210.5,22472.1,22209.3,22315.9,161.08466303
2023-03-08 00:45:00,BTC/USD,22317.3,22381.2,22300.0,22326.8,69.92315406
2023-03-08 01:00:00,BTC/USD,22326.8,22391.1,22299.5,22299.5,33.86475491
2023-03-08 01:15:00,BTC/USD,22299.5,22315.5,22227.7,22231.2,30.96515604
2023-03-08 01:30:00,BTC/USD,22230.3,22285.3,22200.0,22285.2,30.74444187
2023-03-08 01:45:00,BTC/USD,22285.2,22308.8,22228.0,22235.0,15.83272435
2023-03-08 02:00:00,BTC/USD,22235.0,22275.0,22225.0,22253.2,27.62909765
2023-03-08 02:15:00,BTC/USD,22253.2,22350.0,22243.1,22330.3,17.1798841
2023-03-08 02:30:00,BTC/USD,22330.2,22342.6,22291.9,22317.1,27.64118119
2023-03-08 02:45:00,BTC/USD,22317.5,22355.9,22301.4,22312.8,19.56732621
2023-03-08 03:00:00,BTC/USD,22312.8,22325.4,22284.9,22288.0,6.23132786
2023-03-08 03:15:00,BTC/USD,22287.9,22293.0,22250.0,22263.9,9.22566651
2023-03-08 03:30:00,BTC/USD,22263.8,22283.2,22206.7,22215.1,22.2150459
2023-03-08 03:45:00,BTC/USD,22215.1,22224.9,22163.2,22201.0,10.52821712
2023-03-08 04:00:00,BTC/USD,22198.0,22247.9,22181.0,22233.3,16.49199817
2023-03-08 04:15:00,BTC/USD,22231.9,22240.1,22181.1,22209.3,25.12130534
2023-03-08 04:30:00,BTC/USD,22209.3,22222.8,22190.0,22192.3,33.4706739
2023-03-08 04:45:00,BTC/USD,22192.3,22213.7,22080.2,22127.0,121.1932437
2023-03-08 05:00:00,BTC/USD,22122.1,22145.9,22001.9,22071.3,89.95179744
2023-03-08 05:15:00,BTC/USD,22068.8,22103.2,21997.0,22027.6,67.72196243
2023-03-08 05:30:00,BTC/USD,22027.6,22128.9,22024.9,22120.0,22.48576013
2023-03-08 05:45:00,BTC/USD,22120.0,22120.1,21904.3,22046.6,278.97319197
2023-03-08 06:00:00,BTC/USD,22046.5,22062.6,21942.9,21986.3,64.13962062
2023-03-08 06:15:00,BTC/USD,21986.3,22041.5,21976.6,22010.7,41.58070942
2023-03-08 06:30:00,BTC/USD,22010.6,22100.0,22010.6,22100.0,12.67359559
2023-03-08 06:45:00,BTC/USD,22100.0,22100.0,22052.9,22053.6,14.37517248
2023-03-08 07:00:00,BTC/USD,22053.6,22067.0,21985.0,22017.2,17.77146465
2023-03-08 07:15:00,BTC/USD,22026.6,22113.3,22023.7,22111.8,12.0168521
2023-03-08 07:30:00,BTC/USD,22109.0,22114.2,22081.7,22114.2,11.65687504
2023-03-08 07:45:00,BTC/USD,22114.2,22115.7,22081.8,22104.9,8.3075139
2023-03-08 08:00:00,BTC/USD,22104.6,22105.1,22081.2,22105.0,3.1150503
2023-03-08 08:15:00,BTC/USD,22105.0,22151.6,22103.1,22141.8,7.07035228
2023-03-08 08:30:00,BTC/USD,22141.7,22228.8,22141.7,22188.8,12.62761943
2023-03-08 08:45:00,BTC/USD,22188.9,22203.4,22186.9,22196.9,10.73174671
2023-03-08 09:00:00,BTC/USD,22194.8,22267.9,22194.5,22252.8,42.26282853
2023-03-08 09:15:00,BTC/USD,22252.7,22263.9,22214.9,22214.9,15.07279591
2023-03-08 09:30:00,BTC/USD,22219.8,22244.4,22211.4,22222.5,4.57904993
2023-03-08 09:45:00,BTC/USD,22222.6,22244.0,22218.9,22244.0,4.79171182
2023-03-08 10:00:00,BTC/USD,22243.9,22244.0,22214.0,22229.8,46.14749627
2023-03-08 10:15:00,BTC/USD,22222.2,22251.7,22219.8,22228.3,8.21313808
2023-03-08 10:30:00,BTC/USD,22228.4,22245.7,22200.0,22200.5,4.24903096
2023-03-08 10:45:00,BTC/USD,22200.0,22200.4,22134.4,22172.9,141.98404145
2023-03-08 11:00:00,BTC/USD,22172.3,22200.9,22160.3,22186.5,4.05607731
2023-03-08 11:15:00,BTC/USD,22186.6,22186.6,22170.5,22180.0,2.67081622
2023-03-08 11:30:00,BTC/USD,22180.0,22180.0,22179.9,22179.9,3.67943679
2023-03-08 11:45:00,BTC/USD,22180.0,22199.5,22173.2,22174.9,4.93564935
2023-03-08 12:00:00,BTC/USD,22174.8,22186.8,22159.8,22159.8,12.39665515
2023-03-08 12:15:00,BTC/USD,22159.9,22163.6,22084.5,22115.6,9.64312376
2023-03-08 12:30:00,BTC/USD,22115.6,22140.4,22105.0,22132.0,16.54915453
2023-03-08 12:45:00,BTC/USD,22132.1,22154.6,22123.2,22146.7,2.71133916
2023-03-08 13:00:00,BTC/USD,22146.7,22159.5,22146.7,22159.5,1.04492619
2023-03-08 13:15:00,BTC/USD,22159.5,22160.9,22122.7,22124.0,0.91525311
2023-03-08 13:30:00,BTC/USD,22124.1,22127.0,22106.7,22123.8,1.64473596
2023-03-08 13:45:00,BTC/USD,22123.7,22143.1,22123.7,22139.2,2.69180462
2023-03-08 14:00:00,BTC/USD,22138.1,22143.3,22100.8,22100.8,1.91931484
2023-03-08 14:15:00,BTC/USD,22100.8,22100.9,22039.3,22039.3,10.01567215
2023-03-08 14:30:00,BTC/USD,22040.3,22056.0,21805.0,21919.0,112.8712582
2023-03-08 14:45:00,BTC/USD,21928.9,22018.6,21918.2,21943.1,12.17078557
2023-03-08 15:00:00,BTC/USD,21943.1,22028.1,21934.2,22020.8,43.82041307
2023-03-08 15:15:00,BTC/USD,22017.2,22017.2,21980.8,22010.6,4.89926503
2023-03-08 15:30:00,BTC/USD,22011.5,22048.7,21988.4,21988.4,2.58525659
2023-03-08 15:45:00,BTC/USD,21995.2,22035.7,21983.9,22021.6,4.74889441
2023-03-08 16:00:00,BTC/USD,22022.6,22024.8,22009.9,22010.4,1.48667231
2023-03-08 16:15:00,BTC/USD,22010.4,22010.5,21975.3,21983.6,5.21070895
2023-03-08 16:30:00,BTC/USD,21982.1,22024.8,21976.5,22005.3,9.2434532
2023-03-08 16:45:00,BTC/USD,22005.3,22010.0,21975.2,21975.3,5.81825498
2023-03-08 17:00:00,BTC/USD,21975.3,21983.6,21946.2,21962.6,7.28645214
2023-03-08 17:15:00,BTC/USD,21962.6,22005.9,21962.6,21999.9,4.38041553
2023-03-08 17:30:00,BTC/USD,22000.0,22024.9,22000.0,22007.3,14.84282313
2023-03-08 17:45:00,BTC/USD,22007.4,22010.0,21999.9,21999.9,10.31867551
2023-03-08 18:00:00,BTC/USD,21999.9,22000.0,21999.9,21999.9,9.49521937
2023-03-08 18:15:00,BTC/USD,21999.9,22005.0,21976.1,21980.8,17.27007838
2023-03-08 18:30:00,BTC/USD,21981.5,22000.3,21979.9,21994.9,3.55429281
2023-03-08 18:45:00,BTC/USD,21993.0,22021.8,21993.0,22010.2,9.03164895
2023-03-08 19:00:00,BTC/USD,22010.3,22010.4,22010.2,22010.2,3.02438141
2023-03-08 19:15:00,BTC/USD,22010.2,22060.1,22010.2,22049.0,7.72818294
2023-03-08 19:30:00,BTC/USD,22049.1,22125.7,22049.0,22122.1,8.45281223
2023-03-08 19:45:00,BTC/USD,22122.2,22122.6,22105.5,22109.1,4.00508506
2023-03-08 20:00:00,BTC/USD,22109.6,22131.5,22068.9,22068.9,12.96861662
2023-03-08 20:15:00,BTC/USD,22068.8,22090.0,22062.1,22087.7,1.43862552
2023-03-08 20:30:00,BTC/USD,22087.9,22090.0,22067.0,22078.0,8.34780867
2023-03-08 20:45:00,BTC/USD,22078.0,22079.9,22062.2,22067.7,1.95991323
2023-03-08 21:00:00,BTC/USD,22067.7,22083.1,22065.8,22082.5,5.78793295
2023-03-08 21:15:00,BTC/USD,22082.5,22100.7,22051.6,22051.6,15.78724393
2023-03-08 21:30:00,BTC/USD,22051.6,22065.5,22027.3,22027.3,7.62289984
2023-03-08 21:45:00,BTC/USD,22027.3,22032.0,22000.0,22012.3,16.60849331
2023-03-08 22:00:00,BTC/USD,22012.3,22013.3,21968.1,21988.0,6.74661233
2023-03-08 22:15:00,BTC/USD,21987.9,22052.2,21970.8,22002.1,11.58992173
2023-03-08 22:30:00,BTC/USD,22005.0,22040.3,22002.2,22038.7,4.15343981
2023-03-08 22:45:00,BTC/USD,22038.8,22038.8,21943.7,21988.6,11.88148672
2023-03-08 23:00:00,BTC/USD,21988.5,21999.0,21932.5,21988.8,23.35949223
2023-03-08 23:15:00,BTC/USD,21988.8,22005.0,21963.1,21984.2,12.29987385
2023-03-08 23:30:00,BTC/USD,21980.8,22017.8,21956.6,21980.0,24.94435642
2023-03-08 23:45:00,BTC/USD,21980.1,22006.1,21971.2,21976.0,18.56930355
2023-03-09 00:00:00,BTC/USD,21976.0,22220.0,21890.0,22150.1,114.14655817
2023-03-09 00:15:00,BTC/USD,22150.1,22159.0,22029.0,22101.7,61.53085699
2023-03-09 00:30:00,BTC/USD,22100.8,22191.9,22090.5,22153.0,58.04996758
2023-03-09 00:45:00,BTC/USD,22153.0,22158.1,22116.0,22137.3,22.87424626
2023-03-09 01:00:00,BTC/USD,22137.3,22213.7,22137.3,22141.6,26.95645825
2023-03-09 01:15:00,BTC/USD,22141.7,22141.7,22080.2,22088.3,4.22480152
2023-03-09 01:30:00,BTC/USD,22090.8,22099.5,22056.5,22098.4,6.25509858
2023-03-09 01:45:00,BTC/USD,22098.8,22171.6,22098.3,22136.8,29.9640292
2023-03-09 02:00:00,BTC/USD,22136.8,22143.3,22084.6,22094.4,5.93701874
2023-03-09 02:15:00,BTC/USD,22093.3,22124.2,22075.4,22079.4,38.10543433
2023-03-09 02:30:00,BTC/USD,22079.4,22080.2,22048.9,22079.1,54.79588283
2023-03-09 02:45:00,BTC/USD,22079.1,22088.7,22015.1,22031.1,18.45243526
2023-03-09 03:00:00,BTC/USD,22028.0,22053.2,21996.1,22028.7,23.99780106
2023-03-09 03:15:00,BTC/USD,22027.2,22039.5,21955.0,21966.5,43.34390216
2023-03-09 03:30:00,BTC/USD,21966.5,22000.6,21946.0,21969.9,21.13010663
2023-03-09 03:45:00,BTC/USD,21969.8,22038.8,21969.8,22020.1,10.98513965
2023-03-09 04:00:00,BTC/USD,22019.2,22026.3,22010.3,22015.2,13.84553272
2023-03-09 04:15:00,BTC/USD,22015.2,22022.0,22002.5,22014.1,6.74256704
2023-03-09 04:30:00,BTC/USD,22015.4,22052.8,21990.2,22036.2,12.76094635
2023-03-09 04:45:00,BTC/USD,22035.3,22045.9,21989.2,21997.2,23.28137923
2023-03-09 05:00:00,BTC/USD,21995.8,22003.3,21969.1,21981.5,18.60756224
2023-03-09 05:15:00,BTC/USD,21977.7,22000.0,21968.7,21999.8,13.4351301
2023-03-09 05:30:00,BTC/USD,22000.0,22129.9,21993.6,22098.5,47.72501644
2023-03-09 05:45:00,BTC/USD,22098.5,22107.6,22075.9,22092.6,7.89278432
2023-03-09 06:00:00,BTC/USD,22097.7,22107.5,22060.1,22075.9,18.35705068
2023-03-09 06:15:00,BTC/USD,22075.7,22094.0,22062.7,22070.7,37.29756017
2023-03-09 06:30:00,BTC/USD,22070.9,22072.3,21990.6,22003.2,25.0935644
2023-03-09 06:45:00,BTC/USD,22004.8,22013.9,21912.1,22006.5,91.21497637
2023-03-09 07:00:00,BTC/USD,22006.6,22011.0,21958.9,21991.3,19.31349989
2023-03-09 07:15:00,BTC/USD,21988.7,21992.0,21972.7,21979.9,38.07135298
2023-03-09 07:30:00,BTC/USD,21980.0,21992.0,21965.3,21970.0,16.15546674
2023-03-09 07:45:00,BTC/USD,21970.0,21970.0,21655.0,21791.0,233.57066866
2023-03-09 08:00:00,BTC/USD,21791.0,21824.1,21600.0,21724.0,289.88300769
2023-03-09 08:15:00,BTC/USD,21728.2,21757.2,21671.9,21699.6,54.71871421
2023-03-09 08:30:00,BTC/USD,21698.0,21742.2,21685.0,21693.1,54.65839346
2023-03-09 08:45:00,BTC/USD,21693.9,21720.9,21679.9,21699.1,83.36435688
2023-03-09 09:00:00,BTC/USD,21696.5,21726.7,21673.7,21712.2,31.64790583
2023-03-09 09:15:00,BTC/USD,21710.0,21755.2,21686.9,21750.1,7.81068023
2023-03-09 09:30:00,BTC/USD,21750.0,21750.1,21696.8,21716.1,17.39499532
2023-03-09 09:45:00,BTC/USD,21719.9,21739.1,21714.4,21715.7,3.66175521
2023-03-09 10:00:00,BTC/USD,21715.7,21715.7,21640.2,21715.6,16.13040492
2023-03-09 10:15:00,BTC/USD,21715.7,21755.2,21715.6,21732.1,52.27794868
2023-03-09 10:30:00,BTC/USD,21731.4,21741.8,21700.0,21715.0,10.26968994
2023-03-09 10:45:00,BTC/USD,21714.2,21725.0,21695.9,21699.4,27.83905618
2023-03-09 11:00:00,BTC/USD,21699.0,21714.3,21698.0,21711.5,6.20548264
2023-03-09 11:15:00,BTC/USD,21711.5,21784.2,21711.5,21782.7,11.40335228
2023-03-09 11:30:00,BTC/USD,21782.7,21786.9,21750.1,21758.5,15.68487628
2023-03-09 11:45:00,BTC/USD,21758.5,21776.1,21758.5,21769.0,4.2818339
2023-03-09 12:00:00,BTC/USD,21768.9,21780.0,21750.0,21750.0,21.1236137
2023-03-09 12:15:00,BTC/USD,21750.0,21760.1,21749.0,21753.7,30.13082379
2023-03-09 12:30:00,BTC/USD,21754.8,21799.9,21753.3,21791.2,6.35102085
2023-03-09 12:45:00,BTC/USD,21791.1,21791.2,21760.6,21760.6,16.81090691
2023-03-09 13:00:00,BTC/USD,21760.7,21760.7,21741.2,21745.0,13.41535865
2023-03-09 13:15:00,BTC/USD,21745.0,21746.2,21721.0,21722.6,6.98802199
2023-03-09 13:30:00,BTC/USD,21722.6,21744.7,21720.8,21729.0,16.62910894
2023-03-09 13:45:00,BTC/USD,21731.0,21744.5,21730.3,21734.4,6.31878782
2023-03-09 14:00:00,BTC/USD,21735.5,21753.8,21731.5,21752.9,4.10283814
2023-03-09 14:15:00,BTC/USD,21752.9,21752.9,21725.1,21732.6,15.55414764
2023-03-09 14:30:00,BTC/USD,21732.7,21744.7,21725.7,21738.2,14.95984254
2023-03-09 14:45:00,BTC/USD,21736.8,21751.6,21729.9,21729.9,38.83586354
2023-03-09 15:00:00,BTC/USD,21729.9,21741.7,21719.8,21735.0,18.2371575
2023-03-09 15:15:00,BTC/USD,21734.9,21735.0,21732.3,21735.0,2.45576662
2023-03-09 15:30:00,BTC/USD,21734.9,21734.9,21701.0,21728.7,26.56691205
2023-03-09 15:45:00,BTC/USD,21729.5,21735.0,21680.1,21734.9,106.97007007
2023-03-09 16:00:00,BTC/USD,21735.0,21735.0,21722.4,21725.2,13.29838613
2023-03-09 16:15:00,BTC/USD,21726.0,21728.3,21704.6,21707.4,6.40084593
2023-03-09 16:30:00,BTC/USD,21709.1,21713.1,21680.1,21682.7,63.63018136
2023-03-09 16:45:00,BTC/USD,21683.8,21701.1,21664.5,21682.1,10.783482
2023-03-09 17:00:00,BTC/USD,21682.2,21691.6,21607.6,21650.7,40.14380155
2023-03-09 17:15:00,BTC/USD,21651.4,21662.6,21623.2,21646.1,15.84028784
2023-03-09 17:30:00,BTC/USD,21646.2,21672.9,21646.1,21648.7,9.8264953
2023-03-09 17:45:00,BTC/USD,21648.7,21688.7,21603.0,21678.2,16.63330557
2023-03-09 18:00:00,BTC/USD,21675.6,21688.7,21644.6,21681.4,48.50113075
2023-03-09 18:15:00,BTC/USD,21681.3,21688.5,21639.3,21650.1,7.24998269
2023-03-09 18:30:00,BTC/USD,21648.4,21651.9,21572.9,21605.6,96.00807051
2023-03-09 18:45:00,BTC/USD,21605.7,21643.8,21600.0,21634.2,17.86926192
2023-03-09 19:00:00,BTC/USD,21634.2,21643.7,21601.3,21643.7,43.81348067
2023-03-09 19:15:00,BTC/USD,21642.4,21643.7,21621.1,21632.0,6.97294456
2023-03-09 19:30:00,BTC/USD,21632.1,21640.1,21587.3,21587.3,15.2415169
2023-03-09 19:45:00,BTC/USD,21595.1,21674.2,21524.0,21642.3,79.76601787
2023-03-09 20:00:00,BTC/USD,21642.2,21652.0,21630.6,21640.9,6.68231673
2023-03-09 20:15:00,BTC/USD,21641.0,21641.0,21620.9,21625.8,5.62859197
2023-03-09 20:30:00,BTC/USD,21625.9,21650.8,21625.9,21645.4,8.92189762
2023-03-09 20:45:00,BTC/USD,21645.5,21665.5,21645.0,21664.4,34.61359086
2023-03-09 21:00:00,BTC/USD,21664.4,21664.6,21646.2,21646.3,17.35798521
2023-03-09 21:15:00,BTC/USD,21646.2,21646.3,21615.0,21624.8,13.54432515
2023-03-09 21:30:00,BTC/USD,21622.6,21630.5,21604.8,21620.6,15.66676118
2023-03-09 21:45:00,BTC/USD,21620.7,21640.8,21600.1,21601.1,76.21834329
2023-03-09 22:00:00,BTC/USD,21601.2,21612.0,21580.1,21604.0,6.43380641
2023-03-09 22:15:00,BTC/USD,21604.1,21604.1,21555.0,21586.3,34.15402538
2023-03-09 22:30:00,BTC/USD,21586.4,21686.8,21586.4,21644.2,69.07274876
2023-03-09 22:45:00,BTC/USD,21644.2,21714.6,21644.2,21698.1,60.94332328
2023-03-09 23:00:00,BTC/USD,21698.1,21749.7,21682.8,21747.2,69.24872563
2023-03-09 23:15:00,BTC/USD,21747.4,21819.0,21735.5,21744.1,79.48703907
2023-03-09 23:30:00,BTC/USD,21742.7,21785.3,21707.8,21730.8,19.47312253
2023-03-09 23:45:00,BTC/USD,21730.8,21763.5,21705.4,21720.1,34.45115994
2023-03-10 00:00:00,BTC/USD,21721.8,21800.0,21715.7,21719.6,27.07037807
2023-03-10 00:15:00,BTC/USD,21718.2,21738.0,21673.3,21713.8,101.1033947
2023-03-10 00:30:00,BTC/USD,21714.1,21729.7,21692.5,21705.5,15.66581297
2023-03-10 00:45:00,BTC/USD,21707.3,21719.3,21630.0,21641.2,51.71562588
2023-03-10 01:00:00,BTC/USD,21639.9,21654.7,21574.0,21637.6,47.61054472
2023-03-10 01:15:00,BTC/USD,21637.7,21667.7,21595.4,21598.7,54.70137083
2023-03-10 01:30:00,BTC/USD,21600.0,21623.1,21516.0,21524.6,41.96850401
2023-03-10 01:45:00,BTC/USD,21524.6,21557.0,21407.3,21475.0,163.02071742
2023-03-10 02:00:00,BTC/USD,21475.1,21500.5,21400.1,21469.7,184.53854495
2023-03-10 02:15:00,BTC/USD,21469.7,21516.3,21469.7,21502.0,11.5271838
2023-03-10 02:30:00,BTC/USD,21502.0,21508.1,21430.8,21446.5,61.96057239
2023-03-10 02:45:00,BTC/USD,21435.9,21467.9,21420.1,21461.5,35.07169807
2023-03-10 03:00:00,BTC/USD,21464.1,21481.4,21400.0,21412.5,25.33152273
2023-03-10 03:15:00,BTC/USD,21411.1,21442.7,21264.7,21320.1,119.01048397
2023-03-10 03:30:00,BTC/USD,21320.0,21320.0,21000.0,21075.1,509.35885994
2023-03-10 03:45:00,BTC/USD,21070.6,21100.7,20955.0,21029.9,239.60348632
2023-03-10 04:00:00,BTC/USD,21029.9,21029.9,20824.7,20934.8,241.44843597
2023-03-10 04:15:00,BTC/USD,20934.8,20981.4,20919.1,20919.1,96.32428796
2023-03-10 04:30:00,BTC/USD,20919.0,20919.0,20828.2,20889.6,56.65914889
2023-03-10 04:45:00,BTC/USD,20889.5,20897.2,20769.3,20849.9,55.30447458
2023-03-10 05:00:00,BTC/USD,20850.0,20860.9,20728.0,20728.0,79.11415116
2023-03-10 05:15:00,BTC/USD,20728.0,20759.8,20520.7,20634.7,263.59234945
2023-03-10 05:30:00,BTC/USD,20630.7,20728.5,20510.0,20563.1,252.86380538
2023-03-10 05:45:00,BTC/USD,20565.8,20565.8,20042.3,20131.1,609.32981619
2023-03-10 06:00:00,BTC/USD,20132.3,20330.7,20113.4,20278.6,296.15310561
2023-03-10 06:15:00,BTC/USD,20282.8,20429.3,20282.8,20370.0,175.56742877
2023-03-10 06:30:00,BTC/USD,20370.0,20395.0,20231.4,20312.0,91.78168204
2023-03-10 06:45:00,BTC/USD,20312.1,20351.7,20210.0,20238.0,85.66948847
2023-03-10 07:00:00,BTC/USD,20238.0,20480.1,20238.0,20416.1,75.46943358
2023-03-10 07:15:00,BTC/USD,20416.0,20416.1,20300.1,20354.1,50.48640737
2023-03-10 07:30:00,BTC/USD,20354.2,20393.7,20300.1,20371.3,25.06790508
2023-03-10 07:45:00,BTC/USD,20371.4,20371.4,20330.0,20354.5,15.03706605
2023-03-10 08:00:00,BTC/USD,20354.5,20363.7,20281.6,20357.0,23.40559752
2023-03-10 08:15:00,BTC/USD,20357.0,20360.7,20328.4,20356.0,31.2723404
2023-03-10 08:30:00,BTC/USD,20350.1,20362.3,20332.6,20337.8,12.51714974
2023-03-10 08:45:00,BTC/USD,20337.6,20363.7,20337.0,20363.6,6.02196603
2023-03-10 09:00:00,BTC/USD,20363.7,20364.0,20220.9,20220.9,38.84065992
2023-03-10 09:15:00,BTC/USD,20220.9,20245.4,20047.1,20144.0,149.15125958
